{
    "case": "p45Case0",
    "discPorosity": 0.45,
    "reducedSurgeFrequency": 1.0,
    "reducedSurgeAmplitude": 0.25,
    "freestreamVelocity": 3.0,
    "phases": 12,
    "axialInductionDiscCentre": [
        0.34542839135711956,
        0.3692184743261947,
        0.4090707220006964,
        0.448446937500908,
        0.5016979323832621,
        0.5312030336261887,
        0.514040639323631,
        0.45618925680408795,
        0.40394114555721006,
        0.36282830082253636,
        0.3412303830878487,
        0.36632314752573614
    ]
}