{
    "case": "p45Case2",
    "discPorosity": 0.45,
    "reducedSurgeFrequency": 2.0,
    "reducedSurgeAmplitude": 0.25,
    "freestreamVelocity": 3.0,
    "phases": 12,
    "axialInductionDiscCentre": [
        0.3195237502757331,
        0.33179774767872117,
        0.41100291380123843,
        0.504454927039041,
        0.5909961161745233,
        0.6443632114229119,
        0.6105115734267957,
        0.4971828453161584,
        0.41527972819624315,
        0.34673319193783636,
        0.3164072836865335,
        0.331074857035875
    ]
}