{
    "case": "p70Case2",
    "discPorosity": 0.7,
    "reducedSurgeFrequency": 2.0,
    "reducedSurgeAmplitude": 0.25,
    "freestreamVelocity": 3.0,
    "phases": 12,
    "axialInductionDiscCentre": [
        0.13069812201062336,
        0.12922983944873312,
        0.1431285934920662,
        0.17656382878966492,
        0.19954836855422997,
        0.22373400013827005,
        0.23496829922586626,
        0.18802170702909615,
        0.16344545028301793,
        0.1480408111292496,
        0.13096759781413514,
        0.13204242056940285
    ]
}