{
    "case": "p45Case1",
    "discPorosity": 0.45,
    "reducedSurgeFrequency": 2.0,
    "reducedSurgeAmplitude": 0.125,
    "freestreamVelocity": 3.0,
    "phases": 12,
    "axialInductionDiscCentre": [
        0.34574149277795374,
        0.3666305985935866,
        0.40912176296092706,
        0.4545743905992665,
        0.5174951570401845,
        0.5263961831760817,
        0.501722926880959,
        0.4521347556985801,
        0.40084519620473746,
        0.364852857933588,
        0.34273273482560496,
        0.3655543880408767
    ]
}