{
    "case": "p70Case0",
    "discPorosity": 0.7,
    "reducedSurgeFrequency": 1.0,
    "reducedSurgeAmplitude": 0.25,
    "freestreamVelocity": 3.0,
    "phases": 12,
    "axialInductionDiscCentre": [
        0.1401189322169668,
        0.14318905076837252,
        0.15467015356921376,
        0.16729128701019358,
        0.17528084483248563,
        0.19047508997861462,
        0.1943026805157989,
        0.17348723123623233,
        0.16074890863724933,
        0.15077239769631523,
        0.14029252614061483,
        0.14420023389922443
    ]
}