{
    "case": "p70Case1",
    "discPorosity": 0.7,
    "reducedSurgeFrequency": 2.0,
    "reducedSurgeAmplitude": 0.125,
    "freestreamVelocity": 3.0,
    "phases": 12,
    "axialInductionDiscCentre": [
        0.14448258973135886,
        0.14805223431031533,
        0.1554046055644378,
        0.16617634021178873,
        0.17313267979455704,
        0.18755845969881046,
        0.18394059682912967,
        0.17325896857321754,
        0.15990941292727,
        0.14831546216399594,
        0.14497144448007115,
        0.1441266425660278
    ]
}