{
    "case": "p70Case6",
    "discPorosity": 0.7,
    "reducedSurgeFrequency": 0.0,
    "reducedSurgeAmplitude": 0.0,
    "freestreamVelocity": 3.0,
    "phases": 1,
    "spanLocs": [
        0.0,
        0.0,
        0.0,
        0.0,
        0.0,
        0.0,
        0.0,
        0.0,
        0.0,
        0.0,
        0.0,
        0.0
    ],
    "cycleAxialInd": {
        "spanLocs": [
            -0.5,
            -0.45,
            -0.4,
            -0.35,
            -0.3,
            -0.25,
            -0.2,
            -0.15,
            -0.1,
            -0.04999999999999999,
            8.881784197001253e-18,
            0.05000000000000001,
            0.1,
            0.15,
            0.2,
            0.25,
            0.3,
            0.35,
            0.4,
            0.45,
            0.5
        ],
        "intp0": [
            [
                0.08435669100479115,
                0.1306965721782375,
                0.14058850623406183,
                0.145782675661846,
                0.14854413282598433,
                0.15079274794535413,
                0.15122997866300936,
                0.15033579253366947,
                0.14876110446030943,
                0.15546092553235014,
                0.16965284288661853,
                0.14579911290687053,
                0.14352748564446627,
                0.14348803625640716,
                0.1409731377676383,
                0.1418278745089191,
                0.13946748612338178,
                0.1363345472216867,
                0.1282770097106114,
                0.10866737639622381,
                0.04591654979018367
            ]
        ],
        "intp200": [
            [
                0.08493185763647915,
                0.14697755382471767,
                0.1753032406678875,
                0.18942631641966912,
                0.19675422627104155,
                0.19792080870633766,
                0.19841454233999534,
                0.1973472665238204,
                0.19705831110692917,
                0.1961459893423103,
                0.1968299959833819,
                0.19286513365930236,
                0.1915274684409658,
                0.19293423440732627,
                0.19222695215092422,
                0.19022792417623158,
                0.18598546525669757,
                0.17689424114271612,
                0.1566093665793511,
                0.11763364783319352,
                0.052095743659769544
            ]
        ]
    },
    "ndimTimes": [
        0.0,
        0.0,
        0.0,
        0.0,
        0.0,
        0.0,
        0.0,
        0.0,
        0.0,
        0.0,
        0.0,
        0.0
    ],
    "minLocTime": 0.0,
    "maxLocTime": 0.0,
    "meanLocTime1": 0.0,
    "meanLocTime2": 0.0
}