{
    "case": "p70Case7",
    "discPorosity": 0.7,
    "reducedSurgeFrequency": 0.0,
    "reducedSurgeAmplitude": 0.0,
    "freestreamVelocity": 2.0,
    "phases": 1,
    "spanLocs": [
        0.0,
        0.0,
        0.0,
        0.0,
        0.0,
        0.0,
        0.0,
        0.0,
        0.0,
        0.0,
        0.0,
        0.0
    ],
    "cycleAxialInd": {
        "spanLocs": [
            -0.5,
            -0.45,
            -0.4,
            -0.35,
            -0.3,
            -0.25,
            -0.2,
            -0.15,
            -0.1,
            -0.04999999999999999,
            8.881784197001253e-18,
            0.05000000000000001,
            0.1,
            0.15,
            0.2,
            0.25,
            0.3,
            0.35,
            0.4,
            0.45,
            0.5
        ],
        "intp0": [
            [
                0.0880911610682249,
                0.13278985014306666,
                0.14553396400386331,
                0.15184150633917182,
                0.1553104064905334,
                0.15596547776375203,
                0.15752871602938712,
                0.15713666579768815,
                0.15786617698831784,
                0.15988101741958083,
                0.18095743936927033,
                0.15133035223961488,
                0.15151893336372324,
                0.14942965301504907,
                0.14880932036995576,
                0.14793589200566448,
                0.1430724840681331,
                0.1402338418841862,
                0.13417443260691497,
                0.11371834330231867,
                0.04997296069253254
            ]
        ],
        "intp200": [
            [
                0.09128785594397515,
                0.1576483039315988,
                0.1860564068507211,
                0.19895951910025622,
                0.20526946419655112,
                0.2065829819226379,
                0.20561905839351513,
                0.20331498011816906,
                0.2034123062482197,
                0.20059198823752933,
                0.20221207742507152,
                0.19651786692940731,
                0.197565534498919,
                0.19788778687089248,
                0.19987755763277515,
                0.19855356270771263,
                0.195016190844442,
                0.1887683560077964,
                0.17012562537931963,
                0.1288662473223796,
                0.05536413412655761
            ]
        ]
    },
    "ndimTimes": [
        0.0,
        0.0,
        0.0,
        0.0,
        0.0,
        0.0,
        0.0,
        0.0,
        0.0,
        0.0,
        0.0,
        0.0
    ],
    "minLocTime": 0.0,
    "maxLocTime": 0.0,
    "meanLocTime1": 0.0,
    "meanLocTime2": 0.0
}