{
    "case": "p45Case7",
    "discPorosity": 0.45,
    "reducedSurgeFrequency": 0.0,
    "reducedSurgeAmplitude": 0.0,
    "freestreamVelocity": 2.0,
    "phases": 1,
    "spanLocs": [
        0.0,
        0.0,
        0.0,
        0.0,
        0.0,
        0.0,
        0.0,
        0.0,
        0.0,
        0.0,
        0.0,
        0.0
    ],
    "cycleAxialInd": {
        "spanLocs": [
            -0.5,
            -0.45,
            -0.4,
            -0.35,
            -0.3,
            -0.25,
            -0.2,
            -0.15,
            -0.1,
            -0.04999999999999999,
            8.881784197001253e-18,
            0.05000000000000001,
            0.1,
            0.15,
            0.2,
            0.25,
            0.3,
            0.35,
            0.4,
            0.45,
            0.5
        ],
        "intp0": [
            [
                0.24850165693853976,
                0.3451887619704498,
                0.3728723767161829,
                0.38519514474316807,
                0.3904039958335006,
                0.3950563671634608,
                0.3968210597368941,
                0.40038052487080755,
                0.39787385928354446,
                0.4050028162137206,
                0.41064782711623693,
                0.3885791432859732,
                0.3849996248273615,
                0.38291909238993316,
                0.3774595747408742,
                0.37348400311947505,
                0.3669716859237656,
                0.3557418240928273,
                0.32715079640450506,
                0.2706856473858177,
                0.1772171009679534
            ]
        ],
        "intp200": [
            [
                0.27561044348513597,
                0.37784022922824123,
                0.4326711324325385,
                0.4620740879674059,
                0.4729127989083689,
                0.4738903139689623,
                0.47573407347327046,
                0.47994997337018364,
                0.4770588809280508,
                0.47401050227486863,
                0.47341423393083426,
                0.4686474137319864,
                0.4660354843093263,
                0.46161540953657354,
                0.45932810309685235,
                0.4487569401145143,
                0.43585394478014616,
                0.41217121800495393,
                0.37129033271722545,
                0.311426267649907,
                0.19553758278783462
            ]
        ]
    },
    "ndimTimes": [
        0.0,
        0.0,
        0.0,
        0.0,
        0.0,
        0.0,
        0.0,
        0.0,
        0.0,
        0.0,
        0.0,
        0.0
    ],
    "minLocTime": 0.0,
    "maxLocTime": 0.0,
    "meanLocTime1": 0.0,
    "meanLocTime2": 0.0
}