{
    "case": "p45Case6",
    "discPorosity": 0.45,
    "reducedSurgeFrequency": 0.0,
    "reducedSurgeAmplitude": 0.0,
    "freestreamVelocity": 3.0,
    "phases": 1,
    "spanLocs": [
        0.0,
        0.0,
        0.0,
        0.0,
        0.0,
        0.0,
        0.0,
        0.0,
        0.0,
        0.0,
        0.0,
        0.0
    ],
    "cycleAxialInd": {
        "spanLocs": [
            -0.5,
            -0.45,
            -0.4,
            -0.35,
            -0.3,
            -0.25,
            -0.2,
            -0.15,
            -0.1,
            -0.04999999999999999,
            8.881784197001253e-18,
            0.05000000000000001,
            0.1,
            0.15,
            0.2,
            0.25,
            0.3,
            0.35,
            0.4,
            0.45,
            0.5
        ],
        "intp0": [
            [
                0.24458692358695322,
                0.3370472207299434,
                0.3684853194597131,
                0.37975576967665325,
                0.3860267467022632,
                0.38758450532645927,
                0.3883267706538006,
                0.39212463943629583,
                0.38928206280154487,
                0.3961421921273315,
                0.40451015191628237,
                0.3802117802140782,
                0.3778252141167521,
                0.3753188204329494,
                0.3722831882422082,
                0.3665314640913303,
                0.3627901805580046,
                0.34754877726699185,
                0.3154582838997384,
                0.26256771864658435,
                0.1674279435282141
            ]
        ],
        "intp200": [
            [
                0.27249372110676606,
                0.3708412943163659,
                0.42594904642687414,
                0.4530451302236095,
                0.46008093373089687,
                0.4645870020956908,
                0.46501740636482236,
                0.46766327109315065,
                0.4658495000171132,
                0.4624952940602569,
                0.46309733363222183,
                0.4575007922250254,
                0.4547045570406728,
                0.45051151272753864,
                0.44669149702047595,
                0.43547837283342505,
                0.42403065198324197,
                0.4014988545271433,
                0.3621082325412168,
                0.3042576765873862,
                0.192670185260014
            ]
        ]
    },
    "ndimTimes": [
        0.0,
        0.0,
        0.0,
        0.0,
        0.0,
        0.0,
        0.0,
        0.0,
        0.0,
        0.0,
        0.0,
        0.0
    ],
    "minLocTime": 0.0,
    "maxLocTime": 0.0,
    "meanLocTime1": 0.0,
    "meanLocTime2": 0.0
}