{
    "case": "p70Case2",
    "discPorosity": 0.7,
    "reducedSurgeFrequency": 2.0,
    "reducedSurgeAmplitude": 0.25,
    "freestreamVelocity": 3.0,
    "phases": 12,
    "axialInductionDiscCentre": [
        0.14066936306880018,
        0.1437920997933131,
        0.1547624328620142,
        0.1911957806112321,
        0.21135747449847353,
        0.2373694151158633,
        0.24384194342772159,
        0.19824632196843417,
        0.16875544299632894,
        0.15819803326343707,
        0.14133292923939078,
        0.14508214654422846
    ],
    "ndimTimes": [
        0.0,
        0.10940324581218415,
        0.17778931981963697,
        0.267843474549891,
        0.3751604184762757,
        0.4804148879452917,
        0.6057700268427719,
        0.677789319819637,
        0.7725507286404037,
        0.89341744730845,
        1.0011525095881335,
        1.1106474362287786
    ],
    "minLocTime": 0.17778931981963697,
    "maxLocTime": 0.677789319819637,
    "meanLocTime1": 0.42778931981963697,
    "meanLocTime2": 0.927789319819637
}