{
    "case": "p45Case2",
    "discPorosity": 0.45,
    "reducedSurgeFrequency": 2.0,
    "reducedSurgeAmplitude": 0.25,
    "freestreamVelocity": 3.0,
    "phases": 12,
    "axialInductionDiscCentre": [
        0.3343846777423074,
        0.35212768322857035,
        0.4393848668044886,
        0.5385484886963027,
        0.6205887078404804,
        0.6746221639173957,
        0.6261016078359214,
        0.5165517534948598,
        0.42732858406285645,
        0.36075401506503924,
        0.3323914637884734,
        0.353227153698764
    ],
    "ndimTimes": [
        0.0,
        0.10009644283228843,
        0.1781420337675832,
        0.2710500460993592,
        0.3749498613710849,
        0.47972642154899625,
        0.6033911262653932,
        0.6781420337675832,
        0.7790265879449713,
        0.892360733612608,
        1.00169185199029,
        1.10451956206146
    ],
    "minLocTime": 0.1781420337675832,
    "maxLocTime": 0.6781420337675832,
    "meanLocTime1": 0.4281420337675832,
    "meanLocTime2": 0.9281420337675832
}