{
    "case": "p70Case3",
    "discPorosity": 0.7,
    "reducedSurgeFrequency": 2.0,
    "reducedSurgeAmplitude": 0.375,
    "freestreamVelocity": 2.0,
    "phases": 12,
    "axialInductionDiscCentre": [
        0.1789124438604366,
        0.16099624910688648,
        0.1729364477983003,
        0.20241573632398935,
        0.27282974604514176,
        0.3126531332961442,
        0.31341650691728207,
        0.2617047178227436,
        0.20319532942466256,
        0.16965428879270683,
        0.16116194222360003,
        0.1582400997878073
    ],
    "ndimTimes": [
        0.0,
        0.0889739577231064,
        0.18630787145408675,
        0.2836417851850671,
        0.3744101772039996,
        0.47344418770185204,
        0.585551113138786,
        0.6863078714540868,
        0.7914683967210786,
        0.8991715552063215,
        1.0018052601981557,
        1.0913080515469575
    ],
    "minLocTime": 0.18630787145408675,
    "maxLocTime": 0.6863078714540868,
    "meanLocTime1": 0.4363078714540868,
    "meanLocTime2": 0.9363078714540868
}