{
    "case": "p45Case1",
    "discPorosity": 0.45,
    "reducedSurgeFrequency": 2.0,
    "reducedSurgeAmplitude": 0.125,
    "freestreamVelocity": 3.0,
    "phases": 12,
    "axialInductionDiscCentre": [
        0.36083312246325694,
        0.3865552834347866,
        0.43361365559674925,
        0.4813530686456995,
        0.5452511966322495,
        0.5550660996078118,
        0.5268391578336217,
        0.47131819211926207,
        0.4212921373759063,
        0.3857030963404835,
        0.35809169702954835,
        0.384848446356597
    ],
    "ndimTimes": [
        0.0,
        0.09205453590622809,
        0.17360890301775986,
        0.291729730379631,
        0.3887756973670137,
        0.49027276172640544,
        0.5900894914069669,
        0.6736089030177599,
        0.7987591822080973,
        0.8976987762944884,
        1.0011000519849786,
        1.090089491406967
    ],
    "minLocTime": 0.17360890301775986,
    "maxLocTime": 0.6736089030177599,
    "meanLocTime1": 0.4236089030177599,
    "meanLocTime2": 0.92360890301776
}