{
    "case": "p70Case0",
    "discPorosity": 0.7,
    "reducedSurgeFrequency": 1.0,
    "reducedSurgeAmplitude": 0.25,
    "freestreamVelocity": 3.0,
    "phases": 12,
    "axialInductionDiscCentre": [
        0.14962149342582942,
        0.1563238188161511,
        0.16755242752595623,
        0.181925955212195,
        0.18556604435769808,
        0.19910381779907416,
        0.20117262975039407,
        0.17989339276851335,
        0.16729176792839018,
        0.1603613597267114,
        0.15100531652176152,
        0.15767403300855476
    ],
    "ndimTimes": [
        0.0,
        0.10080504820184821,
        0.18656874071461413,
        0.2863098634584476,
        0.38410994912895546,
        0.4857895660611246,
        0.5922009705328005,
        0.6865687407146142,
        0.7979637585083292,
        0.9022168838114072,
        1.002229207265664,
        1.1018097895974421
    ],
    "minLocTime": 0.18656874071461413,
    "maxLocTime": 0.6865687407146142,
    "meanLocTime1": 0.4365687407146141,
    "meanLocTime2": 0.9365687407146142
}