{
    "case": "p70Case4",
    "discPorosity": 0.7,
    "reducedSurgeFrequency": 3.0,
    "reducedSurgeAmplitude": 0.25,
    "freestreamVelocity": 2.0,
    "phases": 12,
    "axialInductionDiscCentre": [
        0.16839730610005932,
        0.1716934705790456,
        0.17492932837194197,
        0.19787831601905104,
        0.2665380523247266,
        0.31241443807172276,
        0.3100003287287286,
        0.2685501134617174,
        0.21541269859667833,
        0.18185913192101388,
        0.1691891647770487,
        0.1707171846326978
    ],
    "ndimTimes": [
        0.0,
        0.10403295461611782,
        0.17735633206257473,
        0.27170085259729615,
        0.37433383924460395,
        0.4771973663844845,
        0.6007131579569556,
        0.6773563320625747,
        0.7795213132334023,
        0.8931499641360429,
        1.0022518587946496,
        1.1040329546161178
    ],
    "minLocTime": 0.17735633206257473,
    "maxLocTime": 0.6773563320625747,
    "meanLocTime1": 0.42735633206257473,
    "meanLocTime2": 0.9273563320625747
}