{
    "case": "p70Case5",
    "discPorosity": 0.7,
    "reducedSurgeFrequency": 2.7,
    "reducedSurgeAmplitude": 0.375,
    "freestreamVelocity": 2.0,
    "phases": 12,
    "axialInductionDiscCentre": [
        0.19939767092102978,
        0.19571138996900994,
        0.20036668464939345,
        0.23583061319373244,
        0.3285094309317652,
        0.33398645346523126,
        0.3554442721961961,
        0.2921812774307093,
        0.24359328460817842,
        0.1987717377721997,
        0.18512672927513152,
        0.19014381754169307
    ],
    "ndimTimes": [
        0.0,
        0.10805456292169978,
        0.17864291118688225,
        0.26243307229902707,
        0.35914380435730986,
        0.46509726328798673,
        0.5801492219903484,
        0.6786429111868824,
        0.7885726390854135,
        0.8925278357232933,
        1.0021919543613558,
        1.1031496874034272
    ],
    "minLocTime": 0.17864291118688225,
    "maxLocTime": 0.6786429111868824,
    "meanLocTime1": 0.42864291118688225,
    "meanLocTime2": 0.9286429111868825
}