{
    "case": "p70Case1",
    "discPorosity": 0.7,
    "reducedSurgeFrequency": 2.0,
    "reducedSurgeAmplitude": 0.125,
    "freestreamVelocity": 3.0,
    "phases": 12,
    "axialInductionDiscCentre": [
        0.1529690332776662,
        0.15879628701589543,
        0.16583831009210426,
        0.17680100995284975,
        0.18321466600208414,
        0.19694459840109824,
        0.19397953866278828,
        0.18002863619663978,
        0.16935918274387152,
        0.15834086589747032,
        0.1542074412686406,
        0.15407876557139744
    ],
    "ndimTimes": [
        0.0,
        0.09672565247152526,
        0.17258051432181054,
        0.28853478258967397,
        0.384269468435539,
        0.4890430644900637,
        0.5828470029537959,
        0.6725805143218105,
        0.7999268874281553,
        0.8963464101458916,
        1.0022392961065147,
        1.094501484245239
    ],
    "minLocTime": 0.17258051432181054,
    "maxLocTime": 0.6725805143218105,
    "meanLocTime1": 0.42258051432181054,
    "meanLocTime2": 0.9225805143218105
}