{
    "case": "p45Case4",
    "discPorosity": 0.45,
    "reducedSurgeFrequency": 3.0,
    "reducedSurgeAmplitude": 0.25,
    "freestreamVelocity": 2.0,
    "phases": 12,
    "axialInductionDiscCentre": [
        0.4247024474796355,
        0.5022033680495064,
        0.49862323589543633,
        0.5649980549697254,
        0.6948672498503423,
        0.7738990835803312,
        0.7250131749202937,
        0.5824653538773447,
        0.4795046226984817,
        0.4529209678661038,
        0.43651069922308106,
        0.5103854172096445
    ],
    "ndimTimes": [
        0.0,
        0.10576512993260916,
        0.17830207609932724,
        0.2703618119551856,
        0.37529163582737024,
        0.4791674195677297,
        0.603490055235833,
        0.6783020760993272,
        0.7775435590470808,
        0.8927244385852353,
        1.0016971957040044,
        1.1023829683466104
    ],
    "minLocTime": 0.17830207609932724,
    "maxLocTime": 0.6783020760993272,
    "meanLocTime1": 0.42830207609932724,
    "meanLocTime2": 0.9283020760993272
}