{
    "case": "p45Case5",
    "discPorosity": 0.45,
    "reducedSurgeFrequency": 2.7,
    "reducedSurgeAmplitude": 0.375,
    "freestreamVelocity": 2.0,
    "phases": 12,
    "axialInductionDiscCentre": [
        0.6402219845559067,
        0.5270616763999716,
        0.5949145521055336,
        0.598858209194963,
        0.7287948452822073,
        0.9167672739728829,
        0.820817180316128,
        0.6161906522874312,
        0.5325866925729653,
        0.38239128358000596,
        0.6295145460874356,
        0.5168009358667232
    ],
    "ndimTimes": [
        0.0,
        0.11619728828491006,
        0.17713942369228802,
        0.24659324260740542,
        0.3520020719603949,
        0.4611224786684954,
        0.5786770668209908,
        0.6771394236922881,
        0.7846031058612405,
        0.8924619199036117,
        1.0038015480698343,
        1.1135345691224738
    ],
    "minLocTime": 0.17713942369228802,
    "maxLocTime": 0.6771394236922881,
    "meanLocTime1": 0.42713942369228797,
    "meanLocTime2": 0.9271394236922881
}