{
    "case": "p45Case3",
    "discPorosity": 0.45,
    "reducedSurgeFrequency": 2.0,
    "reducedSurgeAmplitude": 0.375,
    "freestreamVelocity": 2.0,
    "phases": 12,
    "axialInductionDiscCentre": [
        0.4368301651484653,
        0.4913011964898044,
        0.5102714679610361,
        0.764615677294634,
        0.7138930968927419,
        0.7766531477077918,
        0.7261355278431425,
        0.5703329472569904,
        0.44391322566152713,
        0.40287601059805733,
        0.4283194749937529,
        0.4910318629718632
    ],
    "ndimTimes": [
        0.0,
        0.09057093338007474,
        0.1850630335747457,
        0.26999453553848113,
        0.3682658430734475,
        0.4733902399503804,
        0.5852266300315259,
        0.6850630335747457,
        0.7877622502003403,
        0.8935710926072556,
        1.0037279149217282,
        1.098143530578632
    ],
    "minLocTime": 0.1850630335747457,
    "maxLocTime": 0.6850630335747457,
    "meanLocTime1": 0.4350630335747457,
    "meanLocTime2": 0.9350630335747457
}