{
    "case": "p45Case0",
    "discPorosity": 0.45,
    "reducedSurgeFrequency": 1.0,
    "reducedSurgeAmplitude": 0.25,
    "freestreamVelocity": 3.0,
    "phases": 12,
    "axialInductionDiscCentre": [
        0.3630943736731733,
        0.396077177430183,
        0.4384001431400367,
        0.481623602194562,
        0.5278481412991092,
        0.5557124320782039,
        0.531321040570012,
        0.47153633836642894,
        0.41604385889507245,
        0.3764650383127095,
        0.3601048508405881,
        0.3944445113635011
    ],
    "ndimTimes": [
        0.0,
        0.09700807757981457,
        0.18550509445206093,
        0.28586677910926017,
        0.38249871724011136,
        0.48528535135595136,
        0.5904599225790819,
        0.6855050944520609,
        0.7950227523827099,
        0.9000138706208456,
        1.0016665473739288,
        1.0999530600545657
    ],
    "minLocTime": 0.18550509445206093,
    "maxLocTime": 0.6855050944520609,
    "meanLocTime1": 0.4355050944520609,
    "meanLocTime2": 0.9355050944520609
}